id_viaje,linea,ramal,fecha,hora,origen,destino,pasajeros,recaudacion
f51d7b6f-fb39-459d-b031-e5087c2e5f08,109,A,27/05/2025,18hs,Tucumán,Santa Fe,,
88609802-022c-47cf-9c3f-d835917bc38f,45,A,05-04-2025,07.30,Córdoba,CABA,10,
460a03a1-cd7c-4fa2-89e6-7ea66f498856,102,,28/03/2025,20:00,Bariloche,Santa Fe,,5616.48
f2f20b3e-28ad-4d73-a73c-6f3af6fe9bc6,152,B,05-06-2025,07.30,La Plata,caba,14,
6eb8c088-d6a3-44f2-97bd-6c95f9cdf91a,102,A,2025-04-21,08:00,La Plata,neuquén,,
07c59414-67b1-41cc-b6b2-bf9615fa5943,165,C,21-03-2025,20:00,bariloche,Bahía Blanca,42,3900.25
09f0084a-0d9b-4ce7-97f3-d83ddc2f694e,60,B,01/04/2025,20hs,salta,Jujuy,11,
f7f5916c-c0a6-4df7-bd1e-3c18a0b128e5,12,C,03/06/2025,07.30,Córdoba,Ushuaia,36,10953.00
d370471f-6b0d-49f2-8a5e-ec3665bcadfa,109,B,03/05/2025,07.30,buenos aires,San Juan,45,11366.51
a2816fd9-d0e4-4a89-bccf-e499803c6a41,165,C,13/05/2025,07.30,Salta,NEUQUÉN,,
a2c7ed19-4907-4386-96a1-8003be60c885,12,A,15-03-2025,08:00,rosario,CABA,20,6743.19
b8d40f2f-b92a-4c6d-b808-33f6550f4315,60,C,23/03/2025,13:00,Mendoza,santa fe,8,
e6c3e5ea-25e3-4304-85e7-694dd598e7d4,109,B,2025-05-07,13.00,Córdoba,JUJUY,,7508.55
5a71eeab-df02-4b01-8109-6508c34535fd,102,A,2025-04-18,13:00,Salta,Resistencia,30,4720.91
4a38827c-e0d3-4567-95fc-3692365ab03a,152,C,25/04/2025,08:00,bariloche,caba,41,10863.77
1279c4e2-62e2-4f2f-ae0e-c3497805dff8,45,B,2025-05-30,20:00,La Plata,Bahía Blanca,,6349.23
be4c9d56-f350-42cb-8617-5c7ef8c71c7a,165,A,11/04/2025,13:00,Buenos Aires,san juan,34,
9f0b16f6-1008-44ce-8142-842e7358793f,60,,2025-04-25,20hs,bariloche,caba,29,5707.91
3e1d61cd-4ed3-4c95-abb5-ec1987d85c63,12,B,24-04-2025,13:00,Córdoba,Ushuaia,,11662.28
89e5cd3e-3fe4-4704-92a6-5673189ef5d5,60,A,2025-05-16,13:00,La Plata,BAHIA BLANCA,37,
15590a39-735b-43e7-b39e-dc3439b90f89,109,C,2025-06-08,07.30,Tucumán,caba,11,2441.85
30a94e3d-3c94-4f30-9e00-2cc92c7ad7f3,45,C,2025-05-09,13.00,Mendoza,SANTA FE,53,8673.62
2d30b520-9465-49de-a621-cdb7f8d4c9d9,12,B,26/05/2025,13:00,Rosario,neuquén,,
ee38b9a0-0e63-4a25-b3db-f088a0a3b11d,60,A,2025-04-26,20:00,Tucumán,San Juan,28,10518.4
8f6f2bd2-0cf0-42aa-a91f-34cd5a5bda25,152,B,31/05/2025,07.30,Mendoza,caba,31,
fbd338b9-61df-438b-a9a0-7e0c8b9e2a7d,102,C,21-04-2025,08:00,bariloche,RESISTENCIA,10,11966.35
f4d1f3bc-d841-4efc-bc5a-8f7556a1ef23,109,A,27/03/2025,13.00,Buenos Aires,Ushuaia,,12653.0
48c43f58-8d35-4d32-9c74-7b75b6ae2738,60,C,04/04/2025,20hs,Tucumán,Bahía Blanca,22,8998.66
5cb4f9e2-e846-4b66-8129-94a7e10393bb,12,C,2025-04-14,08:00,ROSARIO,Jujuy,16,
dcdd154f-f5fd-4a36-a0cf-0ef4ee846c32,102,A,29-05-2025,08:00,cordoba,SANTA FE,41,13560.52
1ff78a0b-c2b1-47ae-885b-9be23e359697,152,B,17-03-2025,08:00,salta,Bahía Blanca,,3918.00
a5984bcf-7769-414a-b876-82ea07adceec,165,A,12/04/2025,07.30,Mendoza,Ushuaia,39,8457.43
dc90694f-78ea-41ec-8c42-fb1e9057f8cb,109,B,2025-04-22,07.30,Buenos Aires,JUJUY,,
f6e585fd-81fc-4a2c-b10e-b861dc16e97e,45,A,10/06/2025,13.00,La Plata,RESISTENCIA,48,9243.91
e22e96e0-8c65-4af9-9763-8619a7dd15f0,12,B,2025-05-12,20:00,salta,SANTA FE,7,
9e8123cc-236f-4688-bc7d-3e528c3498df,60,C,06-05-2025,20:00,Tucumán,San Juan,44,11078.74
790553e0-9cd6-4b11-987e-2812dc41953b,165,C,2025-06-05,07.30,Córdoba,Bahía Blanca,29,
a101f2a6-e202-4343-81e2-d171fb7a69b5,102,A,2025-06-06,07.30,rosario,RESISTENCIA,,8050.20
b1aaff03-d3d8-4d18-b25a-7eb53b1f9864,165,B,06-05-2025,08:00,Salta,Santa Fe,34,3664.6
6b073e84-d31c-46bb-a775-1bc441716f6c,60,C,2025-04-28,20:00,Bariloche,bahia blanca,24,4783.14
0d82a71e-5ef5-442e-9aa6-cfcb305e5be6,152,A,2025-04-09,08:00,Tucumán,NEUQUÉN,,14741.87
2f59c2ef-7d69-48c5-9517-cd34d480470e,12,,22/05/2025,07.30,La Plata,Ushuaia,28,
179a3297-0b32-4749-9619-f4db0bc35ce3,109,A,2025-04-16,07.30,Bariloche,Neuquén,,8090.78
5dd98237-703c-4349-bbfb-ec7b72d1a636,45,,05-05-2025,13:00,Buenos Aires,USHUAIA,45,13961.23
8b1d1915-1a43-4cf9-a9c0-451e9aa75b63,60,B,03-04-2025,13.00,Salta,San Juan,11,
1031c2a6-d4f1-4c6a-b5a2-68b2e9edc6b2,12,A,2025-04-23,13:00,rosario,ushuaia,12,6466.92
65d6dd96-54e1-4cd4-8b5b-fbc7fa6cc110,60,B,14/04/2025,13.00,Buenos Aires,bahía blanca,,7267.84
4b6a7b02-1a90-4d4f-8792-8c7c6f58c7e9,102,C,30/03/2025,07.30,la plata,Bahía Blanca,34,
7ec8075e-9ea3-4098-a20b-f1bc29681dd9,109,C,15-03-2025,20:00,bariloche,Santa Fe,49,12878.45
8d0c719b-69c7-4fc9-b302-0d8e1d382844,12,,26-04-2025,20:00,rosario,NEUQUEN,13,
53019a7a-3ef4-48fd-b3f9-c697fa2c4082,60,B,2025-05-05,20:00,Tucumán,San Juan,,4374.69
7d09ae93-0108-4de0-a917-4a97ef7e0de2,165,A,2025-04-06,13:00,Córdoba,Jujuy,16,13086.01
abff75bb-3e13-4a59-88f1-f8f6e62a3d87,60,C,25/03/2025,13.00,rosario,caba,59,8710.5
845def23-3b99-4414-aed6-e4a3027ff482,12,B,2025-05-13,07.30,salta,Bahía Blanca,,7440.22
1aeaf5b8-97d9-430b-82f6-3453d0546ac3,152,,16/04/2025,07.30,Mendoza,RESISTENCIA,38,
7e72d95b-7791-48db-b8cf-fb216e1a47e6,60,A,01/06/2025,20hs,córdoba,Santa Fe,15,6070.96
3e1b3a18-5b7b-4f24-b5bb-86f40551fc9d,165,,03/05/2025,07.30,Buenos Aires,Santa Fe,,8135.5
65f9f255-e74b-4a7b-81cb-bf0ea6f46f69,152,B,2025-05-29,13:00,bariloche,caba,18,
f46ce716-18b8-41fc-b71e-72372ea3fd30,45,A,14-04-2025,20hs,La Plata,bahía blanca,,13294.9
cf87ef37-0972-4ec7-b842-8d42a6c87b04,102,C,2025-03-31,13.00,ROSARIO,Santa Fe,36,3680.44
2cd24318-33b4-4fdf-801c-d377cdd80024,12,B,28/04/2025,07.30,la plata,NEUQUÉN,30,4212.82
e0d2424f-80b7-4a44-b83f-08c8a26e5d3d,60,A,2025-05-22,07.30,Tucumán,Bahía Blanca,,
97df3e41-f9b2-4c96-a479-29b6fa7733ee,165,B,20-04-2025,08:00,Córdoba,SANTA FE,49,2985.68
ff41c1f4-9e6a-40a0-956e-054f9d5c3c7d,60,C,2025-03-26,20:00,Buenos Aires,SANTA FE,13,4037.95
d1aa39a8-465e-4ea7-81c1-c69c217c4713,152,C,15/04/2025,13:00,salta,caba,37,12122.46
3438d8b6-e61a-4c7e-9674-8a61b633a4a6,165,B,2025-06-06,13.00,Bariloche,Jujuy,,9467.78
a8a2b7ae-925b-4b38-a0cc-421d99b5fc5b,109,B,04-05-2025,08:00,cordoba,USHUAIA,25,
36dc18f7-66f3-4932-818b-4e8917545e94,12,A,2025-04-27,08:00,Tucumán,San Juan,42,12638.39
327e2442-2a77-4601-832b-bbb69991fe38,60,C,2025-03-23,13:00,bariloche,NEUQUEN,15,
2a95cc87-5df4-4cb0-9ebc-3db1b9b2c77c,102,,06-04-2025,13.00,la plata,bahía blanca,12,4593.1
e380fca4-b7f7-45f5-a1dc-f82c26cd17cb,165,B,2025-05-02,08:00,Buenos Aires,SANTA FE,,8751.34
a879276b-d8b1-4bb1-bdf9-5c2e50c3402b,12,A,2025-05-10,08:00,Tucumán,Ushuaía,29,13462.93
c91f10e4-417f-4453-a6fd-6489f03bd7d3,109,A,2025-05-15,08:00,Córdoba,RESISTENCIA,30,
9a8771e9-d52f-4a1a-8d41-bf2cf546b77a,45,C,2025-03-25,20:00,Rosario,caba,53,13804.44
1eaf992e-d3fc-45ec-9316-3698f46c1461,60,B,2025-06-04,20hs,Salta,Bahía Blanca,27,
f4a6a6b0-4c03-46b4-a6bc-09e4cf7c1b1e,102,C,2025-04-05,08:00,Mendoza,santa fe,,5422.67
b2270e8d-99f2-4d7c-a4c3-6b48b2fc7b77,152,A,2025-03-28,08:00,buenos aires,Santa Fe,22,13908.19
03b9ea43-6fd3-42f4-a509-2ebafbe74084,12,C,2025-05-27,13.00,Tucumán,Jujuy,,5683.9
95ac3090-f7d0-4a5e-a810-7f50bb3b8b19,60,B,2025-04-17,13.00,Rosario,Bahía Blanca,20,
19832b0a-cbe9-4c6d-9d97-99938cfad2df,109,,2025-04-01,13.00,cordoba,CABA,14,2766.81
82e3e28b-e245-4a6e-bb4b-1290e6fc6a1b,165,A,03-06-2025,07.30,Salta,RESISTENCIA,19,
ffb37a03-9c86-463c-999e-54812ae7929a,60,C,2025-04-18,13:00,Mendoza,San Juan,10,
0c0bc934-b5e2-4ed9-9b5e-39ea1e7ec798,45,B,2025-04-07,13.00,rosario,caba,38,8252.77
ef187502-39aa-4b35-8693-1aa979594760,60,A,2025-06-09,07.30,Tucumán,Ushuaia,43,9523.14
1a3f3e52-eed7-48fa-8cb5-098b6273b14f,109,C,2025-04-15,07.30,La Plata,SANTA FE,12,
21c3cc1b-b1a6-48e2-81cd-e016ae22f3fd,152,A,29/04/2025,13.00,Mendoza,NEUQUEN,25,7810.4
a739e1d8-064d-45b5-9bbf-6a7b2b1c9a0e,12,,2025-05-31,08:00,Salta,USHUAIA,,8425.97
fcefa4bc-78e4-45c6-b3aa-b45e6d98fe89,60,B,2025-03-30,08:00,buenos aires,caba,11,4731.32
ab90d5c9-f0c5-4a57-b728-c6630b458cb2,152,C,2025-05-20,08:00,salta,caba,30,8980.00
d7b31787-03d9-42b7-b403-fdb1959ec4cd,165,C,2025-06-03,20:00,cordoba,Neuquén,18,
6ec9c3a3-33df-4666-b6e3-49f23f7db36e,12,A,2025-05-26,08:00,Tucumán,Jujuy,41,10105.65
a85b2921-4f26-4d7a-b04c-3a98c65f2b39,109,A,02-04-2025,13:00,Tucumán,Santa Fe,32,5432.90
84710925-d0cd-4ed6-810e-1670f1cfc40c,45,B,30/03/2025,07.30,La Plata,San Juan,25,6398.70
4579e5cc-b122-4c7e-b87a-d650e4b194d1,12,C,2025-04-11,20hs,Salta,Ushuaia,46,
cc8f28f5-3591-4b9a-8c0f-ea0aee18b1b1,60,C,2025-06-07,08:00,Córdoba,Resistencia,,7790.80
2c9b75d3-57be-4325-8bdb-40c6cfbb0f2d,152,B,15/04/2025,20:00,Rosario,Jujuy,36,9420.00
82d0a3bc-f370-4d62-8bd4-39a353c97ee3,102,A,2025-05-01,13:00,Mendoza,San Juan,12,3860.25
5fc503db-1594-4bde-bd1e-5bc1f8c77131,109,C,28-04-2025,07.30,Bariloche,CABA,,11005.30
5af3c1c2-06f3-441e-b183-34b40812ab57,165,C,04/04/2025,20:00,Tucumán,Bahía Blanca,22,6400.00
a31a4795-67d8-4f21-b59f-e99b3f8941a4,12,B,2025-03-28,20hs,Salta,Santa Fe,19,
e7b09c04-8fd6-4baf-8b63-4a8b7f1f2f8f,152,B,2025-06-08,20hs,Tucumán,Santa Fe,40,12234.50
ba84c0aa-f248-41cd-9524-28a414b91f28,60,,2025-04-30,13:00,buenos aires,Jujuy,35,
c355ba2e-c420-4b92-845e-63b1c282ee39,12,C,2025-03-22,08:00,Córdoba,Bahía Blanca,,9732.10
f60a3d84-bce6-45bb-9586-7907d843bc2b,45,A,04/06/2025,07.30,La Plata,RESISTENCIA,24,5820.75
9a0bbcb6-dedf-4e56-bf93-546d42fa5ec4,102,A,11/05/2025,20hs,Mendoza,Ushuaia,14,4120.90
3f416780-2a3e-4c4e-8744-89f015cf7506,109,B,2025-06-07,13.00,rosario,San Juan,47,13337.40
f69a11ab-1c90-4aeb-89e1-46f2f0c4ab0e,60,A,2025-04-10,07.30,Buenos Aires,SANTA FE,,
ab90d5c9-f0c5-4a57-b728-c6630b458cb2,152,C,2025-05-20,08:00,salta,caba,30,8980.00
d7b31787-03d9-42b7-b403-fdb1959ec4cd,165,C,2025-06-03,20:00,cordoba,Neuquén,18,
6ec9c3a3-33df-4666-b6e3-49f23f7db36e,12,A,2025-05-26,08:00,Tucumán,Jujuy,41,10105.65
07db6937-ccba-4db1-82ef-8a43c08ccf7a,60,C,03/06/2025,08:00,Buenos Aires,NEUQUÉN,,9970.20
f7316c6a-f6f1-48ee-a96d-80d024773aa5,102,C,2025-03-29,07.30,La Plata,SANTA FE,9,4595.00
97fbf6f7-5dc5-4c4f-bc8f-446f4d6c45bb,45,B,01/04/2025,13:00,Mendoza,Bahía Blanca,31,
d30cfbce-45a4-4a80-9b0e-c41386d8f979,152,B,2025-05-08,20hs,Tucumán,San Juan,17,7331.00
f2943e62-6aa7-4a33-9de5-2d12fa734a5c,12,A,2025-05-19,20:00,rosario,Ushuaia,46,13661.44
e90d98b2-8770-49de-813c-3c719fae93f7,109,A,13/05/2025,07.30,Buenos Aires,caba,12,4830.10
529ffb3f-5f3b-4e41-9c3f-7a1de4cc05f8,165,A,26-04-2025,07.30,Salta,RESISTENCIA,50,12040.10
e5e5a0bc-2298-4089-801c-28de1cf5eb2b,60,C,05/05/2025,20hs,Mendoza,Santa Fe,,
04a7e38e-114f-4046-a3b6-7e861b7a1732,102,B,2025-06-10,13:00,cordoba,Ushuaia,39,6840.00
8e07a0cf-6f69-4bb2-bf9e-450d3a8708d1,152,A,12/04/2025,08:00,bariloche,Jujuy,21,10220.00
c07b61f6-6ff8-4894-bc91-6ff28bc490f3,12,C,17/05/2025,08:00,La Plata,Bahía Blanca,,
2a3cc6c0-7005-4e91-8437-99f55f43ae9b,60,A,23/04/2025,13:00,Tucumán,SANTA FE,15,5090.70
e0d30b0d-187b-45a0-a1f6-c25594ff1705,109,C,09/04/2025,13.00,Salta,Resistencia,42,11328.00
b50877e3-5a3b-4a79-9a5e-2a74bbefb8e4,102,A,2025-04-03,08:00,rosario,Ushuaia,,6550.00
3b12d173-c29f-4a23-91fc-7098b5df5e0a,165,B,2025-05-04,20:00,Tucumán,Jujuy,38,9083.65
cf59a9d5-0f03-4f6c-8413-ffab32d040df,60,C,2025-03-27,20:00,Bariloche,CABA,44,9980.00
e28fd2d1-dc2d-4e8d-bf9a-6e7b781b9497,12,,15-04-2025,20hs,Mendoza,Santa Fe,19,
2232cfcc-21fc-4cc7-9f6d-e6b48724841d,109,A,2025-03-26,07.30,Buenos Aires,Bahía Blanca,30,11180.00
e7b09c04-8fd6-4baf-8b63-4a8b7f1f2f8f,152,B,2025-06-08,20hs,Tucumán,Santa Fe,40,12234.50
ba84c0aa-f248-41cd-9524-28a414b91f28,60,,2025-04-30,13:00,buenos aires,Jujuy,35,
c355ba2e-c420-4b92-845e-63b1c282ee39,12,C,2025-03-22,08:00,Córdoba,Bahía Blanca,,9732.10
f60a3d84-bce6-45bb-9586-7907d843bc2b,45,A,04/06/2025,07.30,La Plata,RESISTENCIA,24,5820.75
9a0bbcb6-dedf-4e56-bf93-546d42fa5ec4,102,A,11/05/2025,20hs,Mendoza,Ushuaia,14,4120.90
3f416780-2a3e-4c4e-8744-89f015cf7506,109,B,2025-06-07,13.00,rosario,San Juan,47,13337.40
f69a11ab-1c90-4aeb-89e1-46f2f0c4ab0e,60,A,2025-04-10,07.30,Buenos Aires,SANTA FE,,
ab90d5c9-f0c5-4a57-b728-c6630b458cb2,152,C,2025-05-20,08:00,salta,caba,30,8980.00
d7b31787-03d9-42b7-b403-fdb1959ec4cd,165,C,2025-06-03,20:00,cordoba,Neuquén,18,
6ec9c3a3-33df-4666-b6e3-49f23f7db36e,12,A,2025-05-26,08:00,Tucumán,Jujuy,41,10105.65
